""	"oxphos_glicolosis"	"oxphos_hipoxia"	"glicolisis_hipoxia"
"Fibroblast"	0.734338385093414	0.727648876666603	0.797004612155044
"B cell"	0.691949252890448	0.637094545382904	0.689609262697405
"Macrophage"	0.704349925153983	0.480275619491104	0.656047831316258
"Endothelial"	0.806926970015334	0.800548676219765	0.83168187547468
"T cell"	0.66553426329481	0.610139594390478	0.68286572914345
"Dendritic"	0.710657607628016	0.638571056629005	0.664638660695445
"Mast"	0.678837093089563	0.782696115757199	0.736674527797741
